Type,Name,Request Count,Failure Count,Median Response Time,Average Response Time,Min Response Time,Max Response Time,Average Content Size,Requests/s,Failures/s,50%,66%,75%,80%,90%,95%,98%,99%,99.9%,99.99%,100%
POST,/api/metrics,341196,0,170,240.65218321082457,1.73110000014276,1244.64560000024,100.13106835953528,569.5205550621503,0.0,170,210,250,300,510,660,840,900,1100,1200,1200
GET,/health,12559,0,120,193.7775367147057,2.0440000000689906,1087.6115000000937,86.0,20.96334262718656,0.0,120,170,240,300,450,580,720,780,980,1000,1100
,Aggregated,353755,0,170,238.98804083730417,1.73110000014276,1244.64560000024,99.6293875704937,590.4838976893368,0.0,170,210,250,300,500,660,840,900,1100,1200,1200
