Type,Name,Request Count,Failure Count,Median Response Time,Average Response Time,Min Response Time,Max Response Time,Average Content Size,Requests/s,Failures/s,50%,66%,75%,80%,90%,95%,98%,99%,99.9%,99.99%,100%
GET,/api/metrics,5496,0,7100,7129.807860262009,266,18257,17244.450327510916,18.43050921556291,0.0,7100,7700,8100,8400,9100,9800,11000,13000,16000,18000,18000
POST,/api/metrics/bulk,16793,0,23,107.47007681772168,4,4727,170.07586494372654,56.31432701181731,0.0,23,35,48,59,200,500,860,1400,4300,4700,4700
GET,/api/status,5607,0,6800,6860.187622614589,232,17765,153.0,18.802741115658886,0.0,6800,7500,7900,8100,8800,9300,10000,12000,16000,18000,18000
,Aggregated,27896,0,75,2848.2664539718958,4,18257,3530.5941353599083,93.54757734303911,0.0,75,5600,6500,7000,8000,8700,9600,10000,15000,17000,18000
