Type,Name,Request Count,Failure Count,Median Response Time,Average Response Time,Min Response Time,Max Response Time,Average Content Size,Requests/s,Failures/s,50%,66%,75%,80%,90%,95%,98%,99%,99.9%,99.99%,100%
GET,/api/metrics,12991,0,2400,2319.3139096297436,30,8457,17243.776999461166,21.716327159394748,0.0,2400,2700,3000,3200,3700,4100,4600,5000,6400,7900,8500
POST,/api/metrics/bulk,39121,0,32,90.59477007233967,3,1530,170.09340252038547,65.39638478967608,0.0,32,55,90,120,260,400,570,680,1100,1500,1500
GET,/api/status,13116,0,2700,2659.8119091186336,31,11017,153.0,21.925282658965557,0.0,2700,3200,3500,3700,4200,4600,5100,5500,6800,8300,11000
,Aggregated,65228,0,150,1051.0893787943828,3,11017,3567.1012295333294,109.03799460803639,0.0,150,1200,2200,2500,3200,3800,4400,4800,6100,7400,11000
